기준일자,기업명,종목코드,유형자산의 처분,분기코드,이자의 수취,비유동자산,재고자산,매출총이익,비지배지분,부채총계,이연법인세부채,비유동부채,현금및현금성자산,자본금,이자의 지급,유동부채,기타포괄손익,유형자산,금융수익,매출원가,유형자산의 취득,무형자산,자산총계,유동자산,무형자산의 취득,사업년도,분기명,주가코드,분기종가,발행주식수,PSR,GP/A
20180515,삼성전자,00126380,141569000000.0,11013,94118000000,132836079000000,8915860000000.0,17410718000000,94546000000,49010792000000,12349990000000.0,1842051000000,7769590000000,897514000000,53935000000.0,47168741000000,-22220000000,66737192000000,799826000000,25196260000000,7870910000000,2823356000000,205206164000000,72370085000000,218113000000,2018,1분기,005930,49200,1301110006246,1.5024443251362065,8.48450049482919
20180814,삼성전자,00126380,198281000000.0,11012,222063000000,135899888000000,9935909000000.0,16708550000000,81090000000,42130475000000,13186358000000.0,1926719000000,3981948000000,897514000000,136264000000.0,40203756000000,-29115000000,69235302000000,1290033000000,24606173000000,13744369000000,2857695000000,203970112000000,68070224000000,429125000000,2018,2분기,005930,45150,1301110006246,1.421893032709112,8.191665845631345
20181114,삼성전자,00126380,282945000000.0,11014,360840000000,135895097000000,10357340000000.0,20067142000000,178867000000,48140630000000,13750490000000.0,1771916000000,3920032000000,897514000000,242658000000.0,46368714000000,12234000000,69525464000000,739900000000,27578197000000,17692885000000,2814997000000,217799444000000,81904347000000,604961000000,2018,3분기,005930,44100,1301110006246,1.2042930637023823,9.213587340470896
20190401,삼성전자,00126380,340558000000.0,11011,459074000000,138981902000000,12440951000000.0,68715364000000,450142000000,46033232000000,15162523000000.0,2888179000000,2607957000000,897514000000,343270000000.0,43145053000000,-378321000000,70602493000000,3737494000000,101666506000000,21387378000000,2901476000000,219021357000000,80039455000000,880032000000,2018,4분기,005930,45050,1301110006246,0.3440213784564185,31.37381894679796
20190515,삼성전자,00126380,105460000000.0,11013,98290000000,138335268000000,14336408000000.0,10586172000000,31372000000,46897440000000,15404584000000.0,2578260000000,5573010000000,897514000000,73267000000.0,44319180000000,78192000000,70498616000000,643068000000,26452223000000,2821582000000,2876176000000,220646957000000,82311689000000,250866000000,2019,1분기,005930,42550,1301110006246,1.494725426567952,4.797787444673438
20190814,삼성전자,00126380,178924000000.0,11012,294659000000,140705389000000,14195751000000.0,9458953000000,141509000000,37361940000000,16507403000000.0,2493071000000,3609930000000,897514000000,159887000000.0,34868869000000,-19304000000,71562016000000,1565306000000,28690721000000,7652264000000,3403175000000,212750718000000,72045329000000,530064000000,2019,2분기,005930,43700,1301110006246,1.4904061112802747,4.446026358416332
20191114,삼성전자,00126380,378687000000.0,11014,470687000000,140398633000000,12646133000000.0,9468922000000,194395000000,39696723000000,17185000000000.0,2451483000000,2135881000000,897514000000,230733000000.0,37245240000000,-19415000000,71544177000000,1104785000000,32735989000000,12185018000000,3439350000000,217247371000000,76848738000000,779437000000,2019,3분기,005930,52800,1301110006246,1.627739680099996,4.358589913615111
20200330,삼성전자,00126380,600901000000.0,11011,673363000000,143521840000000,12201712000000.0,41154415000000,288074000000,38310673000000,17053808000000.0,2073509000000,2081917000000,897514000000,306633000000.0,36237164000000,-851958000000,74090275000000,4281534000000,113618444000000,17240242000000,8008653000000,216180920000000,72659080000000,2855959000000,2019,4분기,005930,47850,1301110006246,0.4022547247697421,19.0370246365868
20200515,삼성전자,00126380,133196000000.0,11013,119579000000,143931511000000,11753625000000.0,10366990000000,-47406000000,43143638000000,17398010000000.0,2013369000000,1734961000000,897514000000,52483000000.0,41130269000000,-341997000000,74624240000000,1619269000000,29720949000000,5423126000000,7814577000000,220572391000000,76640880000000,1041942000000,2020,1분기,005930,47850,1301110006246,1.5530385285926298,4.700039725280033
20200814,삼성전자,00126380,305261000000.0,11012,252408000000,147048817000000,12090721000000.0,11651502000000,138012000000,39446957000000,17602407000000.0,2231155000000,3039195000000,897514000000,87943000000.0,37215802000000,204056000000,78296370000000,800092000000,26252598000000,13000016000000,7401569000000,218197402000000,71148585000000,1237786000000,2020,2분기,005930,58000,1301110006246,1.9909292230198843,5.33989034388228
20201116,삼성전자,00126380,356094000000.0,11014,356569000000,148286383000000,12836108000000.0,14338642000000,170909000000,46699244000000,18362110000000.0,2057001000000,2700629000000,897514000000,124292000000.0,44642243000000,-28298000000,79988905000000,911152000000,33462592000000,19150071000000,6933886000000,228286881000000,80000498000000,1711090000000,2020,3분기,005930,66300,1301110006246,1.804631098312437,6.280975033339739
20210309,삼성전자,00126380,431142000000.0,11011,448323000000,155865878000000,13831372000000.0,49557772000000,359529000000,46347703000000,18810845000000.0,1934799000000,989045000000,897514000000,148262000000.0,44412904000000,-549299000000,86166924000000,5676877000000,116753419000000,26962042000000,7002648000000,229664427000000,73798549000000,2239834000000,2020,4분기,005930,81400,1301110006246,0.6368203719280947,21.578340471508895
20210517,삼성전자,00126380,190300000000.0,11013,68537000000,157912520000000,12864656000000.0,11904828000000,219632000000,61774498000000,20206147000000.0,1840817000000,8291000000000,897514000000,23076000000.0,59933681000000,16006000000,88554997000000,920764000000,33137562000000,7449044000000,6878693000000,236530572000000,78618052000000,644893000000,2021,1분기,005930,79600,1301110006246,2.2993530427044746,5.033103289497816
20210817,삼성전자,00126380,318318000000.0,11012,167563000000,165379969000000,12794771000000.0,14766046000000,140678000000,46474707000000,20561350000000.0,3720941000000,4881542000000,897514000000,45404000000.0,42753766000000,-80229000000,93677031000000,757914000000,31002588000000,17369129000000,9218016000000,227827588000000,62447619000000,1454242000000,2021,2분기,005930,74200,1301110006246,2.1093564309446773,6.481237030872661
20211115,삼성전자,00126380,390249000000.0,11014,225993000000,167431393000000,13499961000000.0,18285733000000,291503000000,53294308000000,22487982000000.0,3696390000000,3928457000000,897514000000,79260000000.0,49597918000000,-105283000000,96420021000000,1408263000000,35634079000000,25648685000000,8989979000000,240684418000000,73253025000000,2012016000000,2021,3분기,005930,71400,1301110006246,1.722915028820286,7.597389624117669
20220308,삼성전자,00126380,408560000000.0,11011,282918000000,177558768000000,15973053000000.0,63921272000000,871837000000,57918452000000,23198205000000.0,4851149000000,3918872000000,897514000000,125036000000.0,53067303000000,-613225000000,103667025000000,3796979000000,135823433000000,36021504000000,8657456000000,251112184000000,73553416000000,2459929000000,2021,4분기,005930,69500,1301110006246,0.4527136047691327,25.45526504600032
20220516,삼성전자,00126380,55545000000.0,11013,57351000000,177887983000000,18708199000000.0,17539346000000,236954000000,61078241000000,23705374000000.0,4278465000000,9129795000000,897514000000,50096000000.0,56799776000000,-116928000000,104032562000000,1739895000000,39184912000000,6939519000000,8333496000000,259354011000000,81466028000000,863935000000,2022,1분기,005930,66300,1301110006246,1.5207531390557776,6.7627047418210156
20220816,삼성전자,00126380,239039000000.0,11012,161320000000,182776820000000,21390252000000.0,18677020000000,178247000000,55056850000000,26341382000000.0,4745989000000,3079118000000,897514000000,117383000000.0,50310861000000,-100478000000,108381976000000,2489143000000,39964268000000,16286602000000,8181534000000,258971297000000,76194477000000,1335396000000,2022,2분기,005930,61000,1301110006246,1.3534441873276386,7.212003884739396
20221114,삼성전자,00126380,260949000000.0,11014,253051000000,187075421000000,25680933000000.0,15021662000000,361777000000,53983372000000,28896279000000.0,5134628000000,6965195000000,897514000000,210740000000.0,48848744000000,-165065000000,112946314000000,3400924000000,38689379000000,26103575000000,8883979000000,261029078000000,73953657000000,2885624000000,2022,3분기,005930,61900,1301110006246,1.4994814452884537,5.7547849132731494
20230307,삼성전자,00126380,288684000000.0,11011,339560000000,201021092000000,27990007000000.0,59278090000000,914634000000,50667559000000,5111332000000.0,4581512000000,3921593000000,897514000000,287488000000.0,46086047000000,613118000000,123266986000000,9734299000000,152589393000000,39160176000000,8561424000000,260083750000000,59062658000000,3298378000000,2022,4분기,005930,60700,1301110006246,0.3727678087303855,22.791923755328813
20230515,삼성전자,00126380,52599000000.0,11013,45168000000,206462959000000,30485357000000.0,5055190000000,267337000000,63441883000000,4634692000000.0,17118387000000,8414405000000,897514000000,90232000000.0,46323496000000,-152805000000,126355577000000,2153358000000,37113489000000,11093859000000,11318579000000,274410387000000,67947428000000,1031652000000,2023,1분기,005930,64500,1301110006246,1.9901404879879447,1.8422006744227215
20180515,현대자동차,00164742,20287000000.0,11013,64895000000,46818532000000,2650762000000.0,1613057000000,48478000000,16072321000000,3233121000000.0,5157419000000,88841000000,1488993000000,28761000000.0,10914902000000,4051000000,22143167000000,337034000000,8059414000000,697658000000,3674807000000,69903098000000,23084566000000,239771000000,2018,1분기,005380,148500,1101110085450,16.905178386094413,2.3075615332527897
20180814,현대자동차,00164742,25850000000.0,11012,150085000000,46688711000000,2798640000000.0,1911934000000,117336000000,15934413000000,3335720000000.0,5315767000000,299866000000,1488993000000,67717000000.0,10618646000000,-139720000000,22227267000000,494858000000,9075361000000,994441000000,3672844000000,69954118000000,23265407000000,523031000000,2018,2분기,005380,123000,1101110085450,12.326650054481107,2.733125732497978
20181114,현대자동차,00164742,66075000000.0,11014,224726000000,47041024000000,2762083000000.0,1334993000000,13613000000,15400891000000,3408947000000.0,5667984000000,104797000000,1488993000000,104791000000.0,9732907000000,93866000000,22328667000000,115804000000,8750012000000,1452358000000,3694345000000,69003201000000,21962177000000,845982000000,2018,3분기,005380,101500,1101110085450,11.082064279906158,1.934682711313639
20220217,현대자동차,00164742,79133000000.0,11011,360805000000,47083668000000,2863652000000.0,6756618000000,94768000000,17166721000000,,4429408000000,194203000000,1488993000000,142051000000.0,12737313000000,-532103000000,22904948000000,1076260000000,36403490000000,1993920000000,3915129000000,69408737000000,22325069000000,1442606000000,2018,4분기,005380,183500,1101110085450,4.681492008316453,9.734535293445838
20190515,현대자동차,00164742,8606000000.0,11013,74732000000,47994597000000,2830211000000.0,1911790000000,174371000000,17741735000000,3377152000000.0,4661080000000,108543000000,1488993000000,17554000000.0,13080655000000,-10290000000,22742489000000,340555000000,9365142000000,734461000000,3922206000000,70067950000000,22073353000000,231578000000,2019,1분기,005380,128000,1101110085450,12.4982655688267,2.728479996917278
20190814,현대자동차,00164742,12913000000.0,11012,148902000000,48295638000000,3165390000000.0,2583605000000,117696000000,18863731000000,3390198000000.0,4668572000000,191729000000,1488993000000,37572000000.0,14195159000000,17194000000,22791449000000,590809000000,10369310000000,1011590000000,3955830000000,72224829000000,23929191000000,537178000000,2019,2분기,005380,127500,1101110085450,10.838605510410204,3.577170116941364
20191114,현대자동차,00164742,31276000000.0,11014,214479000000,49616050000000,3202662000000.0,1951398000000,47106000000,17676691000000,3528142000000.0,4743336000000,384531000000,1488993000000,50292000000.0,12933355000000,-20795000000,22988350000000,466091000000,9382639000000,1393857000000,4034875000000,71244763000000,21628713000000,903829000000,2019,3분기,005380,124500,1101110085450,12.09526717078169,2.7390055322382083
20220217,현대자동차,00164742,57168000000.0,11011,277444000000,51412033000000,3065329000000.0,8831297000000,295930000000,20238210000000,,5089342000000,382000000000,1488993000000,132884000000.0,15148868000000,-66326000000,24413350000000,1562521000000,40324396000000,1776500000000,4270089000000,73758825000000,22346792000000,1491369000000,2019,4분기,005380,183500,1101110085450,4.110484225704538,11.973207273841469
20200515,현대자동차,00164742,14157000000.0,11013,37994000000,52605608000000,3088219000000.0,2193486000000,295456000000,20270152000000,3661036000000.0,4860296000000,810543000000,1488993000000,23666000000.0,15409856000000,-382715000000,24268424000000,372740000000,9081479000000,665745000000,4292244000000,73446360000000,20840752000000,262619000000,2020,1분기,005380,92300,1101110085450,9.013993470226737,2.9865142397798885
20200814,현대자동차,00164742,29235000000.0,11012,115379000000,53002258000000,3274309000000.0,2418778000000,-31225000000,20694555000000,3457345000000.0,6046491000000,503423000000,1488993000000,44616000000.0,14648064000000,112555000000,24614457000000,53464000000,9712332000000,1237848000000,4331073000000,74466283000000,21464025000000,616491000000,2020,2분기,005380,167000,1101110085450,15.158166422540889,3.248151918634102
20201116,현대자동차,00164742,42518000000.0,11014,176738000000,53652949000000,3539007000000.0,2422658000000,182309000000,22997906000000,3433712000000.0,6988242000000,527200000000,1488993000000,68046000000.0,16009664000000,99177000000,24618090000000,53474000000,10259265000000,1709012000000,4365604000000,76622608000000,22969659000000,982853000000,2020,3분기,005380,179000,1101110085450,15.541704936668516,3.161805716662633
20220217,현대자동차,00164742,89925000000.0,11011,204924000000,53640185000000,3043468000000.0,9653628000000,507304000000,25063780000000,3277573000000.0,7354342000000,469990000000,1488993000000,93509000000.0,17709438000000,117366000000,24825586000000,540291000000,41007374000000,2328781000000,4513565000000,78252289000000,24612104000000,1509715000000,2020,4분기,005380,183500,1101110085450,3.9883478948970454,12.336543918862233
20210517,현대자동차,00164742,6361000000.0,11013,42920000000,54741237000000,3066233000000.0,2412376000000,272460000000,25662385000000,3476991000000.0,8131472000000,387213000000,1488993000000,21213000000.0,17530913000000,91577000000,24636074000000,372312000000,10965356000000,632997000000,4456854000000,79421458000000,24680221000000,231021000000,2021,1분기,005380,227000,1101110085450,18.684182744664792,3.0374360541202856
20210817,현대자동차,00164742,19892000000.0,11012,81718000000,56069736000000,2828347000000.0,2610008000000,246177000000,25677529000000,3685427000000.0,7808445000000,376718000000,1488993000000,42343000000.0,17869084000000,89154000000,24709763000000,361524000000,11917311000000,1075036000000,4391112000000,80480341000000,24410605000000,494167000000,2021,2분기,005380,213000,1101110085450,16.144510091700333,3.2430379488575976
20211115,현대자동차,00164742,30903000000.0,11014,130898000000,56321215000000,2822401000000.0,1672958000000,218319000000,23905535000000,3990111000000.0,7700141000000,766737000000,1488993000000,62501000000.0,16205394000000,-188151000000,24778803000000,298448000000,10663617000000,1541265000000,4346898000000,78428926000000,22107711000000,779669000000,2021,3분기,005380,209000,1101110085450,18.65444889355838,2.1330879884801686
20220316,현대자동차,00164742,45402000000.0,11011,174155000000,56427807000000,2680332000000.0,9066111000000,922502000000,27083288000000,3689328000000.0,7039497000000,653462000000,1488993000000,83535000000.0,20043791000000,129630000000,25264360000000,1329888000000,46539009000000,2124711000000,4410003000000,79758300000000,23330493000000,1338060000000,2021,4분기,005380,168000,1101110085450,3.3267888704421464,11.366981242077626
20220516,현대자동차,00164742,7520000000.0,11013,39846000000,56568104000000,2863016000000.0,1875505000000,264210000000,26433926000000,3944088000000.0,7097501000000,995991000000,1488993000000,23857000000.0,19336425000000,-43709000000,25062598000000,1314308000000,11217183000000,796993000000,4309808000000,78786456000000,22218352000000,246245000000,2022,1분기,005380,184000,1101110085450,15.474611151109688,2.380491641862911
20220816,현대자동차,00164742,22990000000.0,11012,87799000000,56703887000000,3296710000000.0,3136419000000,639010000000,28461645000000,4330739000000.0,6545517000000,868241000000,1488993000000,57711000000.0,21916128000000,-293181000000,25043772000000,160465000000,13139804000000,1165236000000,4206456000000,81049841000000,24345954000000,535958000000,2022,2분기,005380,197500,1101110085450,13.3611613625824,3.8697410893131794
20221114,현대자동차,00164742,33467000000.0,11014,153188000000,58364341000000,3286791000000.0,3059748000000,402544000000,28829657000000,4900182000000.0,6923731000000,2368919000000,1488993000000,105448000000.0,21905926000000,-248273000000,25048860000000,403389000000,13400032000000,1570303000000,4062464000000,82141583000000,23777242000000,768524000000,2022,3분기,005380,176000,1101110085450,11.773873954524301,3.724968387814002
20230315,현대자동차,00164742,57554000000.0,11011,254416000000,59593036000000,3539383000000.0,12170466000000,800080000000,27656534000000,5027741000000.0,6212960000000,4897550000000,1488993000000,153026000000.0,21443574000000,248254000000,25644467000000,1940396000000,53137884000000,2178158000000,4213714000000,83412349000000,23819313000000,1442630000000,2022,4분기,005380,174300,1101110085450,2.9387281701946995,14.590724450165046
20230515,현대자동차,00164742,21432000000.0,11013,94247000000,59646660000000,3974112000000.0,3323312000000,166133000000,28903843000000,5571789000000.0,5737382000000,5157722000000,1488993000000,53256000000.0,23166461000000,-93097000000,25435316000000,751886000000,15096540000000,912435000000,4072142000000,84670224000000,25023564000000,214927000000,2023,1분기,005380,208000,1101110085450,12.43391628627635,3.9250067414490366
20180515,셀트리온,00413046,15000000.0,11013,1946147910,1897783594190,127573642920.0,147424657320,138140515829,730496056011,73219500973.0,251910107105,473433772109,125108377000,-3634817036.0,478585948906,14146653328,633981438399,11436587313,73049615969,-5633333687,929541285932,3341021190067,1443237595877,-26350824286,2018,1분기,068270,233489,1350110034038,1429.807827620251,4.412562774468473
20180814,셀트리온,00413046,15000000.0,11012,4517251399,1919766727298,133697543306.0,146285933130,137446637241,689070789181,66880689312.0,171717556685,392081341573,125395903000,-7392363247.0,517353232496,-6631835533,639777780949,3965498315,84853860533,-18940023881,946389360294,3383859229616,1464092502318,-63263178611,2018,2분기,068270,227390,1350110034038,1328.2071242458,4.323050198119516
20181114,셀트리온,00413046,18000000.0,11014,6344150368,1848370220628,138445129098.0,118617500359,112959463281,666091039130,69270277428.0,161901220628,365492400901,125395903000,-10868716139.0,504189818502,601803425,645255957429,2610742282,80678391957,-32034816963,860991690110,3320973333725,1472603113097,-85306925994,2018,3분기,068270,181215,1350110034038,1227.6228424731773,3.5717691302854155
20220512,셀트리온,00413046,18420000.0,11011,9633876570,1888329253915,125717441514.0,514575964386,108755540845,766576994169,62284743973.0,218455704094,399558425745,125456133000,-13995411324.0,548121290075,1208688981,677870722592,21096127600,347308261920,-72094133684,877141249708,3370639261764,1482310007849,-108198557520,2018,4분기,068270,148826,1350110034038,233.13047134755365,15.266420534029509
20190515,셀트리온,00413046,,11013,2495703882,1951309750430,157786487732.0,123378528651,107995275869,716441996623,59596143379.0,221845397101,397885441171,127953489000,-2327554176.0,494596599522,329909084,692742266384,4502093741,68128438543,-19714825375,918862247950,3368891999135,1417582248705,-27084253375,2019,1분기,068270,173810,1350110034038,1225.3477168714562,3.6622880366209065
20190814,셀트리온,00413046,,11012,4952740065,1978610388579,220615061035.0,123853794350,109284724616,762307618292,54921250282.0,310161117742,428922699070,128329070000,-5892349812.0,452146500550,-2620909014,681809290655,6000186094,72970650562,-23281939418,945280546159,3510134636349,1531524247770,-67839076173,2019,2분기,068270,136122,1350110034038,933.7238478456694,3.5284627850863344
20191114,셀트리온,00413046,20000000.0,11014,8028424542,2021479640555,235490304268.0,154874777089,109688762258,808633998640,58139156070.0,308803889640,545692776322,128336328000,-8643805109.0,499830109000,-625636302,696544334403,4592743867,93306980923,-46853304950,965638672808,3620387076398,1598907435843,-113768675680,2019,3분기,068270,165386,1350110034038,899.7006866177983,4.277851340776749
20220512,셀트리온,00413046,20100000.0,11011,11362767142,2063791784809,268715675450.0,571414750660,112803847776,803855701471,66655092827.0,286291312657,526092843365,128337853000,-11427965912.0,517564388814,-2420310613,701428195334,17289400049,410455518192,-63657999673,987732187355,3674522702268,1610730917459,-190291757874,2019,4분기,068270,148826,1350110034038,204.64157261902625,15.550720378113589
20200515,셀트리온,00413046,0.0,11013,2227799407,2117570903472,269723850829.0,178311534147,112336928059,917822697830,68852177308.0,345126170926,565895284594,134706932000,-2287179295.0,572696526904,2585585628,703203831635,8014565512,167382667888,-14279687163,1038866075818,3928985413043,1811414509571,-31906709044,2020,1분기,068270,201934,1350110034038,788.6540127329836,4.538360808239745
20200814,셀트리온,00413046,300000.0,11012,3657609337,2128280316649,305744374041.0,235664728082,113051735576,976759063485,75391684148.0,300752645021,675769153813,134939385000,-4642289430.0,676006418464,1264973766,699671809186,1346575183,168608807183,-23405070232,1043211295199,4153445480616,2025165163967,-59290210899,2020,2분기,068270,282707,1350110034038,944.1269934787772,5.67395742117815
20201116,셀트리온,00413046,430000.0,11014,5120026557,2142375511667,349728998541.0,295820785791,118225775128,1068443172855,83284947494.0,312007199564,647400165054,134993738000,-6725425303.0,756435973291,4041366289,692449126395,618655272,191549397322,-30282701191,1076978292417,4428179144084,2285803632417,-116243081401,2020,3분기,068270,267853,1350110034038,742.0048158000135,6.680415948984661
20220512,셀트리온,00413046,953065610.0,11011,5798895209,2486920960591,333901355140.0,955462733266,119903308981,1359837342211,84981288478.0,459265660740,615216683989,134997805000,-9029341836.0,900571681471,10618036884,695641290578,9255305258,734324263547,-45326173431,1088436038129,4781125289232,2294204328641,-159925049013,2020,4분기,068270,148826,1350110034038,118.90935147725926,19.98405554060428
20210531,셀트리온,00413046,1825000.0,11013,994627977,2506441353411,380485166558.0,250202159154,118735321262,1320087495118,70086834111.0,448841862191,672749229360,137703428000,-2757558866.0,871245632927,-5880620690,692133156164,14799132775,134369721526,-6923942391,1125885322327,4925713537003,2419272183592,-33312570276,2021,1분기,068270,259523,1350110034038,911.1030316207566,5.079510963729997
20210817,셀트리온,00413046,2175000.0,11012,1777859576,2580888927571,392689598440.0,188683871952,123921226315,1224919424267,49424836729.0,447198481066,745078472673,137916534000,-5261612134.0,777720943201,1588915410,692306530455,2910102615,157561670206,-16047586188,1176942399385,4973283235071,2392394307500,-110951165919,2021,2분기,068270,259050,1350110034038,1010.1097681654672,3.793949852311323
20211115,셀트리온,00413046,13275000.0,11014,2687803509,2620715495731,477532676773.0,209440519790,128982102152,1295084322182,37443588527.0,388241854301,840549500961,137934716000,-7785269125.0,906842467881,-2390163253,701689873662,22182723018,123057607416,-35603423315,1220506031152,5185056559525,2564341063794,-201072947982,2021,3분기,068270,220287,1350110034038,894.476283422393,4.039310225174993
20220512,셀트리온,00413046,13425000.0,11011,4079864729,2615584784089,505891196547.0,929869228928,16435876563,1315561451471,20032468308.0,365385720997,1078949146435,137947128000,-10364848688.0,950175730474,-8077303670,706187829304,42417512025,685970660880,-52507708197,1174744172771,5315369383748,2699784599659,-245788947661,2021,4분기,068270,148826,1350110034038,124.35110507738165,17.493971948047868
20220516,셀트리온,00413046,150000.0,11013,3025873988,2648035165551,601068659230.0,226660416582,2745410096,1475592112614,25402796937.0,411346496978,884855735763,140688010000,-2743156976.0,1064245615636,405533607,712562114956,7330366107,311942839913,-16418104356,1201070102471,5317701177005,2669666011454,-45120120041,2022,1분기,068270,135822,1350110034038,340.46330546984274,4.262375959787536
20220816,셀트리온,00413046,980000.0,11012,5701065165,2690926108765,602572967744.0,243589708808,671000949,1382286849607,26177870567.0,422053110196,487541633592,140767851000,-6218329287.0,960233739411,-1026234381,735841414700,6981621610,254383604919,-45029195079,1215068116395,5334547658842,2643621550077,-84242474604,2022,2분기,068270,203251,1350110034038,551.0560645799904,4.566267364848651
20221114,셀트리온,00413046,1130000.0,11014,8462384642,2742135924388,564471842049.0,237117262448,277973305,1394844783135,26164996673.0,431608895980,543586851440,140791866000,-10546665798.0,963235887155,-745020455,755095090479,6789672166,215582294831,-87541760412,1244786492252,5499440966395,2757305042007,-135278719923,2022,3분기,068270,178206,1350110034038,531.4732582729141,4.311661201510003
20230320,셀트리온,00413046,2040000.0,11011,11771407782,2990949026273,544603169670.0,885411229528,4811149867,1401534327356,,296194697401,501359476759,140805210000,-16224945721.0,1105339629955,191451187,775993732622,24067143477,1052058067945,-107155737359,1318556078705,5571483129934,2580534103661,-197838456608,2022,4분기,068270,157900,1350110034038,110.03135618853389,15.891840805744101
20230512,셀트리온,00413046,1860000.0,11013,3597033900,3074394130126,429597953833.0,239463479522,1923284175,1627722453163,815807855.0,293110326086,453817118087,146331198000,-6863296137.0,1334612127077,1207227775,808335026336,7055910978,296116930273,-41778142586,1364407327680,5800620905047,2726226774921,-32009373794,2023,1분기,068270,166600,1350110034038,419.9711706349097,4.12823874274645
20180515,POSCO홀딩스,00155319,-1876414242.0,11013,29977189856,38642523536418,4529807288664.0,1470832416943,90570531904,8557307669293,1281531203654.0,4318913746396,412279465569,482403125000,13918356749.0,4238393922897,-41364011894,21417745684463,-173559293067,6290057611162,372762151247,552399779157,54934594731229,16292071194811,11424963039,2018,1분기,005490,370500,1746110000741,83.35819125535326,2.677424715953838
20180911,POSCO홀딩스,00155319,9722383133.0,11012,70101510154,38355910321607,4463424844031.0,1274209854970,46736788594,7998137551695,1241375723628.0,3916091110711,224843418363,482403125000,69487280724.0,4082046440984,-18905593615,21234346367707,-336029421407,6430635291453,759075436967,523543542361,54007996043783,15652085722176,22505374653,2018,2분기,005490,292000,1746110000741,66.17447989244509,2.3592985267163558
20181114,POSCO홀딩스,00155319,12563447830.0,11014,106661678138,38245928972916,4534183030023.0,1552028268695,27202322484,9316049011031,1226822861024.0,4991692455730,979302360050,482403125000,84953953309.0,4324356555301,32180890628,21044269208333,-349195727847,6353479816049,1095951273909,527963100736,56127620542359,17881691569443,42070064827,2018,3분기,005490,249000,1746110000741,54.997273486260475,2.765177382717834
20190401,POSCO홀딩스,00155319,4551389365.0,11011,154529450860,37329579638935,5288008733361.0,4931132257497,192040415501,8853877911368,1179671644521.0,4957905021987,259219202425,482403125000,148129201618.0,3895972889381,-237702536160,20154333945364,-443951555523,25728293176018,1677961869614,645222018546,54125979686154,16796400047219,58807683670,2018,4분기,005490,266500,1746110000741,15.177659353289682,9.110472061826599
20190515,POSCO홀딩스,00155319,4436231721.0,11013,33003563297,37608360849658,4997912504603.0,1088964295366,20828768560,9211315202552,1163836971244.0,5047008023671,419647727341,482403125000,26082460822.0,4164307178881,-12994715018,19952653036327,-258770633463,6727506687412,342130600062,660559525724,55211816256681,17603455407023,63551645186,2019,1분기,005490,240000,1746110000741,53.61324837016185,1.9723392005497158
20190814,POSCO홀딩스,00155319,0.0,11012,74330179494,37038220057223,5384737630988.0,991777331804,73628706565,8244520876130,1206869975139.0,5138815862554,556441450682,482403125000,81228073605.0,3105705013576,36703480967,19321085480933,-456317287608,6484076647311,703191832369,665898315848,54637578175447,17599358118224,79223416599,2019,2분기,005490,206000,1746110000741,48.11472524176128,1.8151927023911982
20191114,POSCO홀딩스,00155319,,11014,117262790850,37711522945019,5285575103930.0,923338031973,77128923465,9091999030441,1160489166108.0,6266838232201,1048877409838,482403125000,105867608710.0,2825160798240,-69948178311,19944285458208,-623502346003,6812556910824,1128328793583,679708140201,55427981733098,17716458788079,120666288490,2019,3분기,005490,220000,1746110000741,49.657370349981555,1.6658337595966306
20200320,POSCO홀딩스,00155319,,11011,147682738270,37494700407090,4988529839417.0,3672637048395,131374361658,10096581285877,1190553024206.0,6765134918740,978138798756,482403125000,160949702386.0,3331446367137,-65599558850,20132198550174,-598302642776,26700873690120,1903965903409,708914719964,55710766417120,18216066010030,132660961689,2019,4분기,005490,144500,1746110000741,8.307004655445715,6.592329067773142
20200515,POSCO홀딩스,00155319,,11013,28266654644,37662025973037,4767695751270.0,739452399840,32287819506,12886436901766,1088318248227.0,8707336045732,2341514001438,482403125000,37792590157.0,4179100856034,-194508301749,20181710082293,-526932371282,6230403636658,672114012757,717739614953,58436377783932,20774351810895,50011318313,2020,1분기,005490,168000,1746110000741,42.087882244391345,1.2653973909439062
20200813,POSCO홀딩스,00155319,-49933905011.0,11012,83513337319,37603367654957,4215793500041.0,142007652082,72875550537,12217346982313,1003013444197.0,7479748906924,2446945191531,482403125000,106973802430.0,4737598075389,33465216703,20187096847697,-551379606873,5742815978922,1322802187529,667490947922,57620108949580,20016741294623,68813410397,2020,2분기,005490,206000,1746110000741,61.12309946853554,0.24645502181584317
20201119,POSCO홀딩스,00155319,-64430911347.0,11014,156619086296,37452397644444,3852918522825.0,513536027093,48962318409,12956200316429,1021937192074.0,7310016434911,2986905929287,482403125000,161098043688.0,5646183881518,5959741109,20085559850095,-573675913486,6064350693634,1817307024585,667803696578,58325739070496,20873341426052,118999583618,2020,3분기,005490,236000,1746110000741,62.646557727484236,0.8804621000555337
20210304,POSCO홀딩스,00155319,-102353755541.0,11011,197306223923,37215015171419,4093829396206.0,2186568366074,155072093371,11680264402625,848316508827.0,6591153732744,1822659511020,482403125000,230536965914.0,5089110669881,-61783269016,20216932016206,-779150335638,24323352080110,2450816085965,621926266536,56794968501529,19579953330110,101427245510,2020,4분기,005490,309000,1746110000741,20.352682359959132,3.84993323134801
20210524,POSCO홀딩스,00155319,-16803850801.0,11013,31087456712,37867525561583,4758851478149.0,1333550234876,129340680525,12585022466455,884405989711.0,6831454100630,1828882715194,482403125000,51859473305.0,5753568365825,75016177618,20078791653983,-471811248080,6466896335617,370230464150,590373046056,58265314086534,20397788524951,18804565960,2021,1분기,005490,355500,1746110000741,79.57776515148845,2.2887549063846957
20210813,POSCO홀딩스,00155319,-31683769749.0,11012,66342747455,37942906522967,5324505558326.0,1865310892744,133390677713,12197787456427,902703516477.0,6850031810265,1681125879120,482403125000,100349928445.0,5347755646162,33581653799,19930520304193,-682276712573,7412042388375,753743320997,563500617592,59000649918779,21057743395812,23448209614,2021,2분기,005490,341000,1746110000741,64.18032085341297,3.1615090601744376
20211115,POSCO홀딩스,00155319,-45611869967.0,11014,99668668182,38510944972349,6528000781715.0,2602146009355,230095933020,15034774196187,848960313901.0,8764362173631,2423235053053,482403125000,151397806816.0,6270412022556,-19283080578,19774323641806,-1133962906386,8712577623117,1198495931927,549698611904,63353600632409,24842655660060,34435584716,2021,3분기,005490,285000,1746110000741,43.98175036136186,4.1073372047994585
20221114,POSCO홀딩스,00155319,-59806284373.0,11011,144368849328,38323878956874,7623202043450.0,7783762345436,628917523612,15207333960857,747652538063.0,7339064914051,2042273512181,482403125000,-716639599180.0,7868269046806,115536077192,19772298550978,-1276011130544,32136438491188,1968288884784,551410426109,64242758955889,25918879999015,49477724415,2021,4분기,005490,294500,1746110000741,12.881433070007375,12.116170712376416
20220516,POSCO홀딩스,00155319,-14485002642.0,11013,38674284562,47458142280986,,2928765425577,214947479400,6207723607323,3009177081728.0,4467709468629,532410194795,482403125000,50424126884.0,1740014138694,14451991543,143758772501,-125555822774,6465259462743,355821595282,13676722585,53333865909937,5875723628951,8668278674,2022,1분기,005490,281000,1746110000741,52.230744121007824,5.49138033706895
20220816,POSCO홀딩스,00155319,-14485002642.0,11012,62434274729,47422658774188,,2733139872051,254454407727,4663745800378,2947065492192.0,4318126500164,251505029994,482403125000,50424126884.0,345619300214,-180818983408,143189169662,-258483606915,-190076440,355821595282,13513844769,51483262433593,4060603659405,8668278674,2022,2분기,005490,258000,1746110000741,164.83887882413933,5.308793077315973
20221114,POSCO홀딩스,00155319,-14485002642.0,11014,87251112870,47402753865253,,1607959638506,213864027182,4326104941212,2785763487427.0,4201026696794,452734593196,482403125000,50424126884.0,125078244418,-13412420521,142646703013,-359096307742,-950323950,356941976458,14401244987,50860490239671,3457736374418,9519018576,2022,3분기,005490,294500,1746110000741,319.9915461350644,3.161510301864525
20230309,POSCO홀딩스,00155319,-14447214917.0,11011,44614715351,46840829094141,,7649292423855,413709215105,3977256531610,2480379296280.0,3858263509655,1415201182566,482403125000,50424126884.0,118993021955,-112325245211,145005572040,-346941713822,6463245690193,359532593243,15901608719,51149119209287,4308290115146,10194840491,2022,4분기,005490,322500,1746110000741,39.90214025912371,14.954885914176486
20230515,POSCO홀딩스,00155319,,11013,12615242265,47262011404127,15028038621129.0,1373435600518,162765430814,4231981875513,2479965237979.0,4003858338544,1306944978428,482403125000,,228123536969,122004644182,139554789507,-158017590224,-1414087500,5361715720,16173368781,51928754579356,4666743175229,753468732,2023,1분기,005490,368000,1746110000741,468.33702983216847,2.6448460234476756
